{"epoch/loss": 0.563130259513855, "epoch/sparse_categorical_accuracy": 0.8024399876594543, "epoch/val_loss": 0.7154226303100586, "epoch/val_sparse_categorical_accuracy": 0.7583000063896179, "epoch/epoch": 32, "epoch/learning_rate": 0.0010000000474974513, "_timestamp": 1675298089.9840226, "_runtime": 642.2290797233582, "_step": 32}