{"epoch/loss": 1.4968235492706299, "epoch/sparse_categorical_accuracy": 0.46338000893592834, "epoch/val_loss": 1.5003527402877808, "epoch/val_sparse_categorical_accuracy": 0.46129998564720154, "epoch/epoch": 6, "epoch/learning_rate": 0.0010000000474974513, "_timestamp": 1675216507.591456, "_runtime": 42.7524619102478, "_step": 6, "_wandb": {"runtime": 42}}