{"epoch/loss": 2.302555561065674, "epoch/sparse_categorical_accuracy": 0.10000000149011612, "epoch/val_loss": 2.30259108543396, "epoch/val_sparse_categorical_accuracy": 0.10000000149011612, "epoch/epoch": 1, "epoch/learning_rate": 0.004999999888241291, "_timestamp": 1675296965.6078022, "_runtime": 41.83840322494507, "_step": 1, "_wandb": {"runtime": 44}}