{"epoch/loss": 1.6551642417907715, "epoch/sparse_categorical_accuracy": 0.4103200137615204, "epoch/val_loss": 1.627138614654541, "epoch/val_sparse_categorical_accuracy": 0.42309999465942383, "epoch/epoch": 4, "epoch/learning_rate": 0.0010000000474974513, "_timestamp": 1675216175.1119246, "_runtime": 29.622922658920288, "_step": 4, "_wandb": {"runtime": 28}}